email,last_name,first_name,middle_name,phone_no,matric_no
usman_philip@gmail.com,Usman,Philip,Kali,8037086747,98/92403
kani_mike@gmail.com,Kani,Mike,Uche,8037086741,98/92402
umeh_sani@gmail.com,Umeh,Sani,Alision,8037086742,98/92401
samuel_james@gmail.com,Samuel,James,Dayo,8037086743,98/92433
kenny_eddy@gmail.com,Kenny,Edozie,Bev,8037086743,98/93837